{
  "S_Dg": -9.4227869137,
  "S_an": -11.0322248262,
  "B_vd": -8.2913848023,
  "B_nz": -5.1295914928,
  "S_r": -3.6312988587,
  "S_Ng": -7.2827207502,
  "B_ns": -2.7389254675,
  "B_nr": -2.1784879721,
  "B_r": -2.4963080208,
  "B_nt": -2.6160681789,
  "S_vn": -11.7253720067,
  "S_vd": -10.3390776456,
  "B_ad": -5.7541101669,
  "B_l": -4.8573975978,
  "S_q": -10.3390776456,
  "S_p": -2.5004386325,
  "S_Rg": -10.3390776456,
  "S_u": -9.5281474294,
  "S_w": -2.7710858495,
  "S_v": -3.6959391662,
  "S_y": -10.3390776456,
  "B_j": -4.4357614853,
  "S_Vg": -7.0158418054,
  "S_a": -5.0815822736,
  "S_Tg": -7.2145125002,
  "S_c": -6.2829542962,
  "S_b": -6.5379862009,
  "S_e": -8.6343295534,
  "S_d": -4.6631803744,
  "S_f": -7.0248916409,
  "S_ad": -7.2710247105,
  "S_j": -4.9754408129,
  "S_m": -3.314873554,
  "B_vn": -4.7584048681,
  "S_o": -11.7253720067,
  "S_n": -4.829689309,
  "B_i": -5.4581714582,
  "S_nr": -6.0589453186,
  "S_nt": -10.6267597181,
  "B_m": -3.187984108,
  "B_n": -2.1837873257,
  "B_o": -9.9336125375,
  "S_nx": -8.4295351407,
  "B_a": -5.1013067789,
  "B_b": -5.6454388116,
  "B_c": -4.1533835574,
  "B_d": -4.4606418288,
  "B_e": -11.7253720067,
  "B_f": -6.3830377548,
  "B_y": -11.7253720067,
  "B_z": -6.7625273765,
  "B_nx": -7.7550800932,
  "B_v": -2.731075449,
  "B_p": -4.0944254258,
  "B_q": -9.0863146771,
  "S_Ag": -8.4672754687,
  "B_s": -6.2323105634,
  "B_t": -2.6854641472,
  "B_u": -11.7253720067,
  "B_an": -7.8967306102,
  "B_w": -5.3021250432
}