{
  "vd": -8.1700239452,
  "ad": -5.5557612742,
  "ag": -8.4672754687,
  "vg": -7.0158418054,
  "vn": -4.7574628049,
  "an": -7.8541709958,
  "ng": -7.2827207502,
  "nx": -7.3433453721,
  "nz": -5.1295914928,
  "rg": -10.3390776456,
  "tg": -7.2145125002,
  "nr": -2.1580567358,
  "ns": -2.7389254675,
  "nt": -2.6157363389,
  "dg": -9.4227869137,
  "a": -4.3982487145,
  "c": -4.0410479391,
  "b": -5.3021250432,
  "e": -8.5898777908,
  "d": -3.8636449289,
  "f": -5.960180904,
  "i": -5.4581714582,
  "j": -3.9764806695,
  "m": -2.5562703828,
  "l": -4.8573975978,
  "o": -9.7794618577,
  "n": -2.1152493098,
  "q": -8.8350002488,
  "p": -2.3155252532,
  "s": -6.2323105634,
  "r": -2.2175972709,
  "u": -9.4227869137,
  "t": -2.6854641472,
  "w": -2.6945172167,
  "v": -2.4082421406,
  "y": -10.1159340943,
  "z": -6.7625273765
}