{"S":-1.2970671718,"B":-0.3192859282}