{"E":{"S":-1.8035633406,"B":-1.8672131654},"S":{"S":-2.1705700081,"B":-1.8369231177},"B":{"E":-1.3190366611,"M":-2.9164118357},"M":{"M":-3.4524478178,"E":-2.9164118357}}